SampleName	oof_pred	conc_true
batch-2025-12-04_3_bgl1100_Baffle_16	510.4027063393037	468.2
batch-2025-04-02_13	368.82852221714086	653.93
batch-2025-12-04_3_bgl1120_13	537.5247891051638	406.0
batch-2025-06-11_2_6	465.41630978525933	444.71
batch-2025-04-25_1	159.91621359641036	139.01
batch-2025-06-04_1_12	462.44923021520015	491.94
batch-2025-07-30_1_13	193.49032904742793	175.9
batch-2025-07-30_2_1	50.146409013974555	61.47
batch-2025-12-03_2_bgl1100_14	123.8452229049627	73.29
batch-2025-12-04_3_bgl1120_5	318.521373108383	194.0
batch-2025-12-04_3_bgl1050_20	602.5913377983859	494.7
batch-2025-12-03_2_bgl1100_6	83.51218608327743	72.63
batch-2025-12-03_2_bgl1100_18	207.2744310102586	86.65
batch-2025-12-03_2_bgl1100_3	92.51907133491636	71.35
batch-2025-12-04_3_bgl1050_12	399.5314870387214	313.52
batch-2025-12-03_2_bgl1100_Baffle_9	86.84721963013645	76.98
batch-2025-12-03_2_bgl1100_12	34.940976034878176	16.42
batch-2025-06-04_2_7	450.15184712808855	414.93
batch-2025-06-04_2_11	599.783333805944	699.32
batch-2025-04-16_15	929.3558907755341	985.83
batch-2025-07-30_1_15	180.4788657715908	193.41
batch-2025-07-30_2_23	330.25907116372554	301.36
batch-2025-07-30_2_27	47.773428243424675	76.83
batch-2025-04-25_3	269.3921265151403	198.18
batch-2025-06-11_2_3	468.88836466283016	466.85
batch-2025-04-25_6	301.71859732525985	194.7
batch-2025-06-11_2_11	473.2984657652594	524.66
batch-2025-12-04_3_bgl1120_9	394.23075277707494	607.73
batch-2025-12-03_2_bgl1100_15	136.09311130320373	74.21
batch-2025-12-04_3_bgl1100_Baffle_9	456.0843806875117	607.73
batch-2025-12-04_3_bgl1100_Baffle_2	190.18735396758737	293.51
batch-2025-06-11_2_12	353.5292740896199	465.01
batch-2025-04-02_15	212.04503780758577	152.68
batch-2025-06-11_1_13	169.0220930291933	349.67
batch-2025-06-04_1_1	360.6905202127109	378.02
batch-2025-12-04_3_bgl1100_3	303.1075771183361	278.1
batch-2025-12-03_2_bgl1100_7	98.72363745153109	78.36
batch-2025-04-25_5	83.79514499309809	105.88
batch-2025-06-11_1_16	249.27665686461822	359.27
batch-2025-12-03_2_bgl1100_10	33.860109173896056	16.36
batch-2025-06-11_1_18	270.0895732465501	359.27
batch-2025-12-03_2_bgl1050_14	101.3231171417688	73.29
batch-2025-12-03_2_bgl1100_20	228.48428643345738	89.97
batch-2025-04-16_16	836.9450636960937	1038.41
batch-2025-12-03_2_bgl1100_8	81.90449402099978	72.57
batch-2025-12-04_3_bgl1100_Baffle_17	493.2343160865251	469.55
batch-2025-06-11_2_14	441.17102871446644	452.09
batch-2025-06-04_2_5	430.83360532550336	350.5
batch-2025-12-03_2_bgl1050_20	162.7032148886028	89.97
batch-2025-12-04_3_bgl1050_5	281.0128489336729	194.0
batch-2025-06-04_2_14	611.4657990166263	634.26
batch-2025-04-25_13	531.3002323576584	1008.07
batch-2025-04-02_1	17.385726226749213	12.02
batch-2025-12-04_3_bgl1120_22	650.4180821631987	623.69
batch-2025-06-11_1_10	269.3048065656297	395.86
batch-2025-04-16_13	700.5642415869133	729.54
batch-2025-07-30_1_23	201.28429390987202	233.96
batch-2025-12-04_3_bgl1100_Baffle_21	596.2632668805393	628.02
batch-2025-12-04_3_bgl1050_8	416.3272396142552	502.54
batch-2025-12-03_2_bgl1050_3	59.213749795833145	71.35
batch-2025-07-30_1_4	28.639046942559993	29.75
batch-2025-12-03_2_bgl1050_7	69.06167662367703	78.36
batch-2025-07-30_1_18	186.68117537844296	154.7
batch-2025-12-03_2_bgl1100_Baffle_20	124.18358532473108	89.97
batch-2025-12-04_3_bgl1100_21	617.6963452860778	628.02
batch-2025-12-04_3_bgl1050_3	227.6587392772866	278.1
batch-2025-12-03_2_bgl1120_20	152.04421305459613	89.97
batch-2025-06-11_1_8	271.04284031686717	371.27
batch-2025-06-11_1_12	209.87703384504314	296.88
batch-2025-12-04_3_bgl1100_Baffle_8	365.12798636796	502.54
batch-2025-06-04_2_8	494.410548804439	455.82
batch-2025-12-03_2_bgl1050_10	14.734854548079138	16.36
batch-2025-12-03_2_bgl1050_15	92.65463122364037	74.21
batch-2025-12-04_3_bgl1100_5	287.4429230157203	194.0
batch-2025-07-30_1_12	172.79332529821272	326.59
batch-2025-06-11_2_4	460.7631464464439	478.54
batch-2025-12-03_2_bgl1100_Baffle_1	81.77338665233745	69.86
batch-2025-12-03_2_bgl1050_6	71.38401080047633	72.63
batch-2025-12-03_2_bgl1120_11	36.49690721046733	16.58
batch-2025-12-04_3_bgl1100_Baffle_15	494.8772741491828	538.24
batch-2025-06-04_1_3	339.5273864509753	414.27
batch-2025-04-02_2	161.88424737381786	136.74
batch-2025-12-03_2_bgl1100_Baffle_17	114.03923215290853	80.56
batch-2025-06-04_1_22	182.8986821181113	188.34
batch-2025-06-04_1_5	359.81746988142413	417.15
batch-2025-12-03_2_bgl1120_6	78.72539625281257	72.63
batch-2025-12-04_3_bgl1050_2	254.30409609310158	293.51
batch-2025-06-04_2_9	493.2913104666587	501.67
batch-2025-12-04_3_bgl1120_3	226.18603168633408	278.1
batch-2025-07-30_2_28	247.8457040702167	224.02
batch-2025-12-04_3_bgl1050_13	503.9271328908084	406.0
batch-2025-06-04_1_17	92.16728417116933	4.86
batch-2025-12-03_2_bgl1050_19	175.91932543603463	86.6
batch-2025-07-30_2_29	176.3333012319778	281.21
batch-2025-07-30_1_29	43.273395541145206	108.62
batch-2025-12-04_3_bgl1050_15	493.4913203292882	538.24
batch-2025-04-25_7	548.3177167604968	837.53
batch-2025-06-11_2_8	478.31052708719307	500.68
batch-2025-12-03_2_bgl1050_5	68.42727535881545	75.13
batch-2025-04-02_9	454.6164028205207	447.28
batch-2025-12-04_3_bgl1100_13	506.5023267809644	406.0
batch-2025-06-04_1_11	479.48371362693274	527.62
batch-2025-06-04_2_3	372.39962213023165	351.73
batch-2025-04-16_14	823.792032600643	875.58
batch-2025-12-04_3_bgl1050_9	394.2262801947683	607.73
batch-2025-12-03_2_bgl1120_2	83.20401597043364	70.78
batch-2025-12-04_3_bgl1120_15	491.8668100029146	538.24
batch-2025-12-04_3_bgl1100_Baffle_12	384.2185507342486	313.52
batch-2025-12-04_3_bgl1100_23	619.4939506127762	633.42
batch-2025-06-04_2_12	488.5932302597178	494.24
batch-2025-12-03_2_bgl1050_8	85.77532188921703	72.57
batch-2025-06-04_1_2	333.25414205215264	376.29
batch-2025-12-03_2_bgl1100_Baffle_15	124.48272474982848	74.21
batch-2025-12-04_3_bgl1120_4	329.10077911635807	286.21
batch-2025-06-04_2_6	447.2938244257966	309.6
batch-2025-12-04_3_bgl1120_12	491.403810496774	313.52
batch-2025-04-16_4	115.26095149659828	6.63
batch-2025-04-25_16	672.5481013234976	1055.75
batch-2025-12-04_3_bgl1050_17	449.6377052019661	469.55
batch-2025-06-11_2_10	475.33754916864297	481.61
batch-2025-12-04_3_bgl1100_11	396.4218139134413	343.81
batch-2025-12-03_2_bgl1050_17	124.525638497404	80.56
batch-2025-12-04_3_bgl1100_Baffle_13	579.1388866278903	406.0
batch-2025-04-16_5	740.7587037011176	668.93
batch-2025-12-04_3_bgl1100_Baffle_1	217.36130488485392	282.42
batch-2025-06-11_1_1	168.41336184016433	345.47
batch-2025-07-30_2_26	80.20584622567783	76.5
batch-2025-07-30_1_27	21.03001960753254	7.82
batch-2025-04-02_18	215.72624982683374	84.78
batch-2025-07-30_2_16	514.5385960335196	376.53
batch-2025-06-11_1_3	253.5574844085981	361.67
batch-2025-12-04_3_bgl1050_1	243.87641499307446	282.42
batch-2025-12-04_3_bgl1120_8	399.96294965425346	502.54
batch-2025-12-04_3_bgl1100_18	625.3296305300221	527.15
batch-2025-12-03_2_bgl1050_9	75.95566074961738	76.98
batch-2025-12-03_2_bgl1100_1	99.82151831974545	69.86
batch-2025-07-30_1_9	104.26892609137289	221.52
batch-2025-12-03_2_bgl1100_Baffle_8	101.14634469115296	72.57
batch-2025-12-03_2_bgl1120_16	176.57764435340258	78.15
batch-2025-07-30_1_17	157.12255072266933	221.98
batch-2025-12-04_3_bgl1120_2	266.13706225710166	293.51
batch-2025-12-03_2_bgl1120_7	83.06421710544706	78.36
batch-2025-12-03_2_bgl1050_18	159.53836663309434	86.65
batch-2025-12-03_2_bgl1120_19	152.2460720156811	86.6
batch-2025-12-03_2_bgl1100_23	263.1296043720417	94.32
batch-2025-12-03_2_bgl1120_13	125.99305784760313	76.21
batch-2025-04-16_11	26.752608271744734	6.43
batch-2025-07-30_2_24	357.60976207363893	316.07
batch-2025-12-04_3_bgl1100_Baffle_23	709.7708420485694	633.42
batch-2025-12-04_3_bgl1100_19	582.2865986081345	523.9
batch-2025-12-04_3_bgl1100_Baffle_3	219.4450859089302	278.1
batch-2025-12-03_2_bgl1100_Baffle_18	144.9423147955871	86.65
batch-2025-04-16_1	727.8125606008427	731.73
batch-2025-07-30_1_25	17.871574309326707	6.95
batch-2025-12-03_2_bgl1100_Baffle_16	128.23705439629242	78.15
batch-2025-12-03_2_bgl1120_10	38.89433380367431	16.36
batch-2025-07-30_1_21	177.0476394479832	218.76
batch-2025-12-03_2_bgl1100_11	45.761185962102715	16.58
batch-2025-12-04_3_bgl1050_14	513.7969570038988	396.81
batch-2025-12-04_3_bgl1100_Baffle_19	573.7733380574132	523.9
batch-2025-07-30_2_11	227.65037290729262	276.85
batch-2025-06-04_1_13	532.7139536049013	613.35
batch-2025-07-30_2_20	190.38744185095427	258.88
batch-2025-06-11_1_4	267.5993572362862	364.67
batch-2025-06-11_1_9	193.87205864342624	309.48
batch-2025-12-04_3_bgl1100_Baffle_6	430.2066937459333	273.5
batch-2025-06-04_1_15	24.37869618221353	46.8
batch-2025-12-04_3_bgl1050_23	602.0681319705064	633.42
batch-2025-12-04_3_bgl1120_17	523.3002844033244	469.55
batch-2025-12-03_2_bgl1100_Baffle_4	135.81585546129892	90.95
batch-2025-04-02_16	43.84302471537796	70.59
batch-2025-12-04_3_bgl1050_22	640.592319299717	623.69
batch-2025-12-03_2_bgl1100_Baffle_6	99.43296071347831	72.63
batch-2025-06-11_1_2	210.60966822467518	368.27
batch-2025-06-11_2_2	450.62864253474885	493.91
batch-2025-12-04_3_bgl1100_16	580.1045749137882	468.2
batch-2025-12-04_3_bgl1100_7	413.554238136821	499.3
batch-2025-12-03_2_bgl1100_Baffle_13	123.96857493065176	76.21
batch-2025-12-04_3_bgl1050_21	560.1469701229229	628.02
batch-2025-07-30_2_15	340.54692123077325	321.51
batch-2025-12-04_3_bgl1050_7	401.140710673119	499.3
batch-2025-04-02_5	148.52679174103577	333.3
batch-2025-12-03_2_bgl1100_Baffle_22	183.9611940990823	94.43
batch-2025-12-03_2_bgl1050_22	197.02076424695633	94.43
batch-2025-12-03_2_bgl1100_Baffle_11	81.09614729304035	16.58
batch-2025-12-03_2_bgl1120_5	92.38218638796192	75.13
batch-2025-06-04_1_20	21.541933219154718	9.84
batch-2025-06-11_1_15	277.142530843158	356.87
batch-2025-12-04_3_bgl1100_9	403.6707474644657	607.73
batch-2025-12-03_2_bgl1120_4	117.24310557435449	90.95
batch-2025-12-03_2_bgl1120_8	80.5772262473644	72.57
batch-2025-07-30_1_14	168.35054024792063	188.34
batch-2025-12-04_3_bgl1050_6	479.1500101375346	273.5
batch-2025-07-30_1_28	41.7448703626217	115.99
batch-2025-07-30_2_4	51.237153964210236	68.22
batch-2025-07-30_1_2	19.953865004518587	30.25
batch-2025-06-04_1_24	174.6226410507153	154.7
batch-2025-12-04_3_bgl1100_17	519.5485090783843	469.55
batch-2025-07-30_2_9	175.24996505292577	182.63
batch-2025-06-04_2_16	172.1578011550999	235.87
batch-2025-06-11_1_6	252.73195504479395	350.27
batch-2025-06-04_1_4	322.25014457546627	411.39
batch-2025-12-03_2_bgl1050_11	34.991185281017714	16.58
batch-2025-12-03_2_bgl1100_Baffle_14	137.58642453415874	73.29
batch-2025-06-04_2_4	373.4615489457558	324.47
batch-2025-12-03_2_bgl1120_1	101.04718250266622	69.86
batch-2025-12-04_3_bgl1100_Baffle_4	255.53126901441297	286.21
batch-2025-12-04_3_bgl1100_Baffle_22	709.043607135977	623.69
batch-2025-12-04_3_bgl1100_Baffle_18	589.3906122718179	527.15
batch-2025-04-16_2	40.313123670745775	6.57
batch-2025-12-04_3_bgl1100_22	632.251150467891	623.69
batch-2025-07-30_2_8	216.04299730877784	276.31
batch-2025-07-30_2_21	328.3850717366551	311.71
batch-2025-12-04_3_bgl1120_11	465.24071679535757	343.81
batch-2025-07-30_1_8	132.06963097162406	270.83
batch-2025-12-04_3_bgl1120_14	542.0938419802048	396.81
batch-2025-12-04_3_bgl1100_2	261.8462115352873	293.51
batch-2025-06-11_2_13	425.833534855996	428.11
batch-2025-12-04_3_bgl1120_18	570.989192945711	527.15
batch-2025-06-11_1_5	238.90679961915842	347.27
batch-2025-07-30_2_2	70.23227513497018	57.88
batch-2025-12-04_3_bgl1100_14	489.779092524459	396.81
batch-2025-07-30_2_3	67.39638392604363	58.2
batch-2025-12-03_2_bgl1100_Baffle_23	188.80758573927392	94.32
batch-2025-12-03_2_bgl1100_Baffle_2	118.50838117652896	70.78
batch-2025-12-03_2_bgl1050_21	184.36504232533602	88.8
batch-2025-04-16_6	856.0526183456013	808.03
batch-2025-04-16_10	685.4605373715929	647.75
batch-2025-07-30_1_20	154.2743036798398	157.0
batch-2025-12-03_2_bgl1050_12	26.089032653841997	16.42
batch-2025-06-04_1_6	375.55597847890226	397.58
batch-2025-07-30_2_5	137.83122381425625	76.07
batch-2025-06-04_1_10	35.714196769980546	34.64
batch-2025-12-04_3_bgl1050_11	488.21792034985384	343.81
batch-2025-12-03_2_bgl1050_23	194.1619664675842	94.32
batch-2025-12-03_2_bgl1050_16	85.92392879929034	78.15
batch-2025-06-04_1_19	22.558900370085794	5.59
batch-2025-12-04_3_bgl1120_21	575.6418784513414	628.02
batch-2025-12-03_2_bgl1100_19	173.84133368741786	86.6
batch-2025-06-11_1_17	313.3702340120151	367.07
batch-2025-06-04_1_18	451.6746293047473	430.38
batch-2025-04-16_7	854.0106911679333	967.94
batch-2025-04-25_2	18.043061396387614	5.59
batch-2025-12-03_2_bgl1120_9	76.89043420706037	76.98
batch-2025-12-04_3_bgl1120_23	646.4282222753059	633.42
batch-2025-07-30_2_22	275.10095663700014	321.51
batch-2025-12-03_2_bgl1050_13	104.98117129699412	76.21
batch-2025-12-03_2_bgl1120_23	245.75615867912424	94.32
batch-2025-12-04_3_bgl1120_16	516.5534577877505	468.2
batch-2025-04-16_3	870.0157921865614	977.44
batch-2025-07-30_1_19	160.09158633180084	259.31
batch-2025-06-04_2_15	278.7154793800017	221.62
batch-2025-07-30_2_6	191.78809458846197	283.93
batch-2025-12-03_2_bgl1100_22	242.02829765965308	94.43
batch-2025-07-30_1_16	307.0192523366084	214.61
batch-2025-07-30_2_10	178.83100903779808	229.47
batch-2025-12-03_2_bgl1050_2	95.75898723932276	70.78
batch-2025-12-04_3_bgl1050_19	572.7103623457822	523.9
batch-2025-12-03_2_bgl1100_16	135.28750782020535	78.15
batch-2025-07-30_2_13	222.0451174263507	286.66
batch-2025-06-04_2_1	373.46487863490864	326.95
batch-2025-12-03_2_bgl1100_Baffle_12	61.17043197302473	16.42
batch-2025-12-04_3_bgl1100_Baffle_5	295.79204874091204	194.0
batch-2025-12-03_2_bgl1120_15	122.37710683925323	74.21
batch-2025-07-30_1_3	40.566169055134274	32.48
batch-2025-07-30_1_5	84.61030627758589	31.93
batch-2025-12-04_3_bgl1120_20	594.8300085091296	494.7
batch-2025-12-04_3_bgl1100_Baffle_11	481.34038142249227	343.81
batch-2025-12-03_2_bgl1100_4	104.45727548074639	90.95
batch-2025-07-30_2_14	228.1892927860125	271.41
batch-2025-06-11_2_17	501.9769992314082	479.15
batch-2025-12-03_2_bgl1120_21	215.4095625788666	88.8
batch-2025-12-04_3_bgl1100_Baffle_20	603.1675036550389	494.7
batch-2025-06-11_1_11	261.5934169258898	386.26
batch-2025-06-04_2_2	369.95802656063483	340.58
batch-2025-06-04_1_23	185.51297934053028	193.41
batch-2025-04-25_14	299.8195671517026	180.94
batch-2025-07-30_2_12	249.33147899998227	247.44
batch-2025-12-03_2_bgl1100_Baffle_21	121.82834300686747	88.8
batch-2025-12-03_2_bgl1100_9	91.44814793242642	76.98
batch-2025-12-04_3_bgl1100_20	619.9836697346498	494.7
batch-2025-04-25_12	424.63431318513824	773.35
batch-2025-04-02_19	12.811653433503723	7.46
batch-2025-12-04_3_bgl1120_1	267.1535571707538	282.42
batch-2025-06-11_2_1	436.28724110570494	441.64
batch-2025-07-30_2_7	225.50436772920722	263.78
batch-2025-06-11_2_5	450.528428307715	453.94
batch-2025-06-04_2_18	451.8345785757697	361.65
batch-2025-07-30_1_7	84.8760328421232	239.03
